{"loss": [0.40442121028900146, 0.40096399188041687, 0.3958306610584259, 0.3946099877357483, 0.3879885673522949, 0.38796374201774597, 0.38436153531074524], "sparse_categorical_accuracy": [0.8631508350372314, 0.8643569350242615, 0.8661760687828064, 0.8665875792503357, 0.8685003519058228, 0.8691332340240479, 0.8700442314147949], "val_loss": [6.347893714904785, 6.555381774902344, 6.902784824371338, 7.090837478637695, 7.071491718292236, 7.075850486755371, 7.59689474105835], "val_sparse_categorical_accuracy": [0.5207512974739075, 0.5209171175956726, 0.5199635028839111, 0.5163149237632751, 0.5155271887779236, 0.5203781127929688, 0.5130395293235779]}