{"loss": [0.8139572739601135, 0.8043984174728394, 0.7944648861885071, 0.7847506999969482, 0.7790040373802185, 0.7671636343002319], "sparse_categorical_accuracy": [0.7268238067626953, 0.7292133569717407, 0.7331212162971497, 0.7360641956329346, 0.7383033633232117, 0.7425574660301208], "val_loss": [2.344118118286133, 2.1275651454925537, 2.4236903190612793, 2.0610857009887695, 2.452981948852539, 2.182464599609375], "val_sparse_categorical_accuracy": [0.5311994552612305, 0.5414403676986694, 0.5382063984870911, 0.5421037077903748, 0.5367137789726257, 0.5483643412590027]}