{"loss": [0.7586885094642639, 0.7581616044044495, 0.7541579604148865, 0.7546876072883606, 0.7510797381401062, 0.7526781558990479, 0.7500932216644287, 0.7492031455039978, 0.7462177872657776, 0.7398024201393127], "sparse_categorical_accuracy": [0.7450889348983765, 0.7459970712661743, 0.7474415898323059, 0.7473081946372986, 0.7484575510025024, 0.7480489015579224, 0.7497375011444092, 0.7493941187858582, 0.750302255153656, 0.7524988055229187], "val_loss": [2.185624122619629, 2.1639251708984375, 2.2999324798583984, 2.1809158325195312, 2.552899122238159, 2.3467276096343994, 2.121799945831299, 2.200435161590576, 2.1420373916625977, 2.2717952728271484], "val_sparse_categorical_accuracy": [0.5501886606216431, 0.5397404432296753, 0.5496496558189392, 0.5475766062736511, 0.5380405783653259, 0.5421037077903748, 0.5654048919677734, 0.551598310470581, 0.5410671830177307, 0.541896402835846]}