{"loss": [0.5392174124717712, 0.527820885181427, 0.5150649547576904, 0.5041818022727966, 0.49348771572113037, 0.48804226517677307, 0.47811153531074524, 0.4716188609600067], "sparse_categorical_accuracy": [0.8171077966690063, 0.8212057948112488, 0.8250909447669983, 0.8289534449577332, 0.8318992257118225, 0.8343682289123535, 0.8373026847839355, 0.8402172923088074], "val_loss": [2.8632607460021973, 2.9115216732025146, 3.132847785949707, 3.384809970855713, 3.5792922973632812, 3.597593307495117, 3.8530428409576416, 3.7102410793304443], "val_sparse_categorical_accuracy": [0.5328993797302246, 0.5323188900947571, 0.5296239256858826, 0.5268045663833618, 0.5322774648666382, 0.5245656967163086, 0.5276752710342407, 0.529209315776825]}