{"loss": [0.3572219908237457, 0.3588576316833496, 0.35547149181365967, 0.3542013466358185, 0.3512100875377655], "sparse_categorical_accuracy": [0.8799203038215637, 0.8795315027236938, 0.8804992437362671, 0.8816571235656738, 0.8819522857666016], "val_loss": [8.738113403320312, 8.900880813598633, 9.359970092773438, 9.792665481567383, 10.145668029785156], "val_sparse_categorical_accuracy": [0.5139516592025757, 0.51614910364151, 0.5129980444908142, 0.5186782479286194, 0.5097226500511169]}