{"loss": [0.7407354116439819, 0.7428656220436096, 0.7386541962623596, 0.7377488017082214, 0.734862744808197, 0.7338519096374512, 0.7309678196907043, 0.7315099239349365, 0.7335204482078552], "sparse_categorical_accuracy": [0.7522774338722229, 0.7515112161636353, 0.7528819441795349, 0.7532111406326294, 0.7541391849517822, 0.7548826932907104, 0.7553594708442688, 0.7551125884056091, 0.7551352977752686], "val_loss": [2.3611068725585938, 2.5746688842773438, 2.2740249633789062, 2.421785354614258, 2.4787933826446533, 2.6041455268859863, 2.7256031036376953, 2.714803695678711, 2.5607402324676514], "val_sparse_categorical_accuracy": [0.5452962517738342, 0.5507690906524658, 0.5416890978813171, 0.5531324148178101, 0.5412330627441406, 0.5509349703788757, 0.5508105754852295, 0.5442597270011902, 0.5470376014709473]}