{"loss": [1.067781925201416, 0.9300220608711243, 0.8896784782409668, 0.8660356998443604, 0.8510539531707764], "sparse_categorical_accuracy": [0.6496937870979309, 0.6904042959213257, 0.7036774158477783, 0.710712730884552, 0.7159289121627808], "val_loss": [1.6301583051681519, 1.6224571466445923, 1.7861485481262207, 1.6119384765625, 1.6771866083145142], "val_sparse_categorical_accuracy": [0.5274679660797119, 0.5370869636535645, 0.5443426370620728, 0.539781928062439, 0.5408598780632019]}