{"loss": [0.3688640594482422, 0.36939623951911926, 0.3654250502586365, 0.36349794268608093, 0.36079177260398865], "sparse_categorical_accuracy": [0.8753057718276978, 0.8756179809570312, 0.8767815232276917, 0.8780926465988159, 0.8786346912384033], "val_loss": [8.371320724487305, 8.551474571228027, 8.3339262008667, 8.425901412963867, 8.7763671875], "val_sparse_categorical_accuracy": [0.5090177655220032, 0.5161905288696289, 0.5136199593544006, 0.51146399974823, 0.5150710940361023]}