{"loss": [0.46462205052375793, 0.4572716951370239, 0.4514756202697754, 0.4472694396972656, 0.44035565853118896, 0.43647244572639465, 0.4320873022079468, 0.42700260877609253, 0.4220481514930725, 0.41621580719947815, 0.4137953817844391, 0.4083852171897888, 0.4047648310661316], "sparse_categorical_accuracy": [0.8425585627555847, 0.8449140787124634, 0.8469205498695374, 0.8483849167823792, 0.8509334325790405, 0.8528007864952087, 0.8539019227027893, 0.8549547791481018, 0.8567284941673279, 0.8587462902069092, 0.8601255416870117, 0.8614820837974548, 0.862384557723999], "val_loss": [4.241041660308838, 4.49445104598999, 4.373516082763672, 4.560791015625, 4.9124298095703125, 5.18910026550293, 4.977461814880371, 5.2290778160095215, 5.7033562660217285, 5.71233606338501, 5.958463668823242, 6.072264194488525, 6.443338871002197], "val_sparse_categorical_accuracy": [0.5213732123374939, 0.5198391079902649, 0.5228243470191956, 0.524151086807251, 0.5220365524291992, 0.5203781127929688, 0.5262656211853027, 0.5228657722473145, 0.5191757678985596, 0.5234876871109009, 0.5132468342781067, 0.520502507686615, 0.5225340723991394]}