{"loss": [0.8299474120140076, 0.7329681515693665, 0.679780125617981, 0.6425621509552002, 0.6144267320632935, 0.5908897519111633, 0.5710214376449585, 0.5523979067802429], "sparse_categorical_accuracy": [0.720935046672821, 0.7526804804801941, 0.770199179649353, 0.7828224301338196, 0.7926048636436462, 0.7999267578125, 0.8065817952156067, 0.8129927515983582], "val_loss": [1.5808444023132324, 1.7388137578964233, 1.960778832435608, 1.9817301034927368, 2.1204097270965576, 2.3535659313201904, 2.4787940979003906, 2.789158344268799], "val_sparse_categorical_accuracy": [0.5485302209854126, 0.5442182421684265, 0.5467473864555359, 0.537169873714447, 0.5377917885780334, 0.5370039939880371, 0.536465048789978, 0.533189594745636]}