{"loss": [0.3813302516937256, 0.3786223828792572, 0.37649670243263245, 0.37429991364479065, 0.3725098669528961], "sparse_categorical_accuracy": [0.8709211349487305, 0.8725813627243042, 0.8729445934295654, 0.87400883436203, 0.8749169707298279], "val_loss": [7.512369632720947, 7.708450794219971, 7.876499176025391, 7.884653091430664, 8.263620376586914], "val_sparse_categorical_accuracy": [0.5086446404457092, 0.51146399974823, 0.5146979689598083, 0.5125834345817566, 0.5149881839752197]}